<?xml version="1.0" encoding="UTF-8" standalone="yes"?>
<addon id="repository.kodi" name="Bvrygud Kodi Reposisoty" version="0.0.1" provider-name="bvrygud">
    <extension point="xbmc.addon.repository" name="Bvrygud Kodi Repository">
        <dir>
            <info compressed="false">https://raw.githubusercontent.com/bvrygud/kodi-repository/master/zips/addons.xml</info>
            <checksum>https://raw.githubusercontent.com/bvrygud/kodi-repository/master/zips/addons.xml.md5</checksum>
            <datadir zip="true">https://raw.githubusercontent.com/bvrygud/kodi-repository/master/zips/</datadir>
        </dir>
    </extension>
    <extension point="xbmc.addon.metadata">
        <summary>Bvrygud Kodi Repository</summary>
        <description>Bvrygud Kodi Repository</description> 
        <disclaimer></disclaimer>
        <platform>all</platform>
        <assets>
            <icon>icon.png</icon>
            <fanart>fanart.jpg</fanart>
        </assets>
    </extension>
</addon>
